15,ச,ர்,ப,ச,த்,ர,வே,ள்,வி,ப்,ப,ந்,த,லி,ல்
6,பெ,ரு,மு,ர,ச,ம்
4,தொ,லை,தூ,ர
4,இ,டி,யோ,சை
2,போ,ல
4,மு,ழ,ங்,க
4,ம,ணி,மு,டி
2,சூ,டி
3,உ,ள்,ளே
6,நு,ழை,ந்,த,போ,து
6,ஜ,ன,மே,ஜ,ய,ன்
2,த,ன்
6,இ,ள,மை,க்,கா,ல
6,நி,னை,வொ,ன்,றி,ல்
4,அ,லை,ந்,து
7,கொ,ண்,டி,ரு,ந்,தா,ர்
4,அ,வ,ரு,ம்
5,த,ம்,பி,ய,ர்
7,உ,க்,ர,சே,ன,னு,ம்
7,சு,ரு,த,சே,ன,னு,ம்
4,பீ,ம,னு,ம்
7,சி,று,வ,ர்,க,ளா,க
7,வ,ன,லீ,லை,க்,கு,ச்
5,செ,ன்,ற,போ,து
5,ந,ட,ந்,த,து
2,அ,து
10,ய,மு,னை,ந,தி,க்,க,ரை,யி,ல்
5,அ,வ,ர்,க,ள்
9,சி,று,வே,ட்,டை,யா,டி,யு,ம்
9,ம,ர,ங்,க,ளி,லா,டி,யு,ம்
3,நீ,ரி,ல்
5,து,ழா,வி,யு,ம்
6,வி,ளை,யா,டி,ன,ர்
6,ஜ,ன,மே,ஜ,ய,ன்
2,த,ன்
3,த,ம்,பி
8,சு,ரு,த,சே,ன,னி,ட,ம்
6,வே,ள்,வி,செ,ய்,து
8,வி,ளை,யா,ட,லா,மெ,ன,ச்
4,சொ,ன்,னா,ன்
7,ச,த்,ரி,ய,ர்,க,ள்
7,செ,ய்,ய,வே,ண்,டி,ய
10,வே,ள்,வி,ச்,ச,ட,ங்,கு,க,ள்
7,அ,வ,ர்,க,ளு,க்,கு
6,அ,ப்,போ,து,தா,ன்
13,க,ற்,பி,க்,க,ப்,ப,ட்,டி,ரு,ந்,த,ன
7,ந,தி,க்,க,ரை,யி,ல்
6,க,ல்,ல,டு,க்,கி
7,வே,ள்,வி,க்,கு,ள,ம்
4,அ,மை,த்,து
6,ச,மி,த்,து,க,ள்
5,பொ,று,க்,கி,ச்
4,சே,ர்,த்,து
7,அ,ர,ணி,க்,க,ட்,டை
3,உ,ர,சி
6,நெ,ரு,ப்,பா,க்,கி
5,அ,வ,ர்,க,ள்
5,வே,ள்,வி,யை,த்
6,தொ,ட,ங்,கி,ன,ர்
5,வே,ட்,டை,யா,டி
9,கொ,ண்,டு,வ,ந்,தி,ரு,ந்,த
7,மா,மி,ச,த்,தை,யு,ம்
10,கா,ட்,டு,ம,ல,ர்,க,ளை,யு,ம்
5,கா,ய்,க,ளி,ன்
5,நெ,ய்,யை,யு,ம்
5,ஆ,கு,தி,யா,க
5,வை,த்,த,ன,ர்
7,வே,ள்,வி,க்,கு,தி,ரை
4,இ,ல்,லை,யே
3,எ,ன்,று
6,சு,ரு,த,சே,ன,ன்
4,கே,ட்,டா,ன்
7,கா,ட்,டி,லி,ரு,ந்,து
4,ஏ,தா,வ,து
2,ஒ,ரு
5,மி,ரு,க,த்,தை
4,கொ,ண்,டு,வா
3,எ,ன்,று
6,ஜ,ன,மே,ஜ,ய,ன்
4,சொ,ன்,னா,ன்
5,த,ம்,பி,ய,ர்
4,மூ,வ,ரு,ம்
5,பு,த,ர்,க,ளை
6,து,ழா,வு,கை,யி,ல்
5,கு,ழி,க்,கு,ள்
4,கி,ட,ந்,த
2,ஒ,ரு
8,நா,ய்,க்,கு,ட்,டி,யை,க்
5,க,ண்,ட,ன,ர்
3,எ,ட்,டு
6,நா,ட்,க,ளு,க்,கு
2,மு,ன்
5,கா,ட்,டு,நா,ய்
3,ஒ,ன்,று
6,பெ,ற்,றி,ட்,ட,து
7,அ,ந்,த,க்,கு,ட்,டி
2,அ,தை
3,அ,த,ன்
3,அ,ன்,னை
6,ஷி,ப்,ர,தே,ஜ,ஸ்
2,எ,ன
5,அ,ழை,த்,த,து
6,வே,ட்,டை,க்,கு,ச்
3,செ,ன்,ற
3,அ,ன்,னை
6,கொ,ண்,டு,வ,ரு,ம்
6,உ,ண,வு,க்,கா,க
5,ப,சி,யு,ட,ன்
6,கா,த்,தி,ரு,ந்,து
4,ச,லி,த்,து
3,மெ,ல்,ல
6,பு,த,ரு,க்,கு,ள்
4,இ,ரு,ந்,து
5,வெ,ளி,வ,ந்,து
2,அ,து
6,மு,ந்,தை,ய,நா,ள்
4,தி,ற,ந்,த
7,பு,த்,த,ம்,பு,தி,ய
5,க,ண்,க,ளா,ல்
14,உ,ல,க,த்,தை,ப்,பா,ர்,த்,த,போ,து,தா,ன்
5,அ,வ,ர்,க,ள்
11,அ,தை,க்,க,ண்,ட,டை,ந்,த,ன,ர்
2,அ,தை
6,சு,ரு,த,சே,ன,ன்
7,தூ,க்,கி,க்,கொ,ண்,டு
4,வ,ந்,தா,ன்
3,அ,தை,யே
9,வே,ள்,வி,க்,கு,தி,ரை,யா,க
6,உ,ரு,வ,கி,த்,து
4,அ,த,ற்,கு
9,கா,ட்,டு,க்,கொ,டி,க,ளா,ல்
4,சே,ண,மு,ம்
6,க,டி,வா,ள,மு,ம்
3,இ,ட்,டு
7,வே,ள்,வி,த்,தூ,ணி,ல்
5,க,ட்,டி,ன,ர்
6,அ,த,ர்,வ,வே,த
7,ம,ந்,தி,ர,ங்,க,ளை
4,மு,ழ,க்,கி
5,வே,ள்,வி,யை,த்
6,தொ,ட,ங்,கி,ன,ர்
4,ப,சி,த்,த
6,நா,ய்,க்,கு,ட்,டி
9,நா,ன்,கு,கா,ல்,க,ளை,யு,ம்
3,ஊ,ன்,றி
3,தி,மி,றி
4,க,ழு,த்,தை
4,க,ட்,டி,ல்
4,இ,ரு,ந்,து
3,உ,ரு,வி
5,ஓ,டி,வ,ந்,து
2,த,ன்
6,இ,ய,ற்,கை,யா,ல்
3,மா,மி,ச
4,வா,ச,னை,யை
7,வா,ங்,கி,க்,கொ,ண்,டு
5,சி,றி,ய,வா,லை
7,ஆ,ன,ந்,த,மா,க,ச்
7,சு,ழ,ற்,றி,ய,ப,டி
8,வே,ள்,வி,ப்,பொ,ரு,ளா,க
10,வை,க்,க,ப்,ப,ட்,டி,ரு,ந்,த
6,மா,னி,றை,ச்,சி,யை
3,ந,க்,கி
3,உ,ண்,ண
7,ஆ,ர,ம்,பி,த்,த,து
4,தி,ரு,ம்,பி
7,அ,தை,ப்,பா,ர்,த்,த
6,ஜ,ன,மே,ஜ,ய,ன்
2,த,ன்
6,கை,யி,லி,ரு,ந்,த
6,த,ர்,ப்,பை,யா,ல்
3,அ,த,ன்
5,மு,க,த்,தி,ல்
8,ஓ,ங்,கி,ய,றை,ந்,தா,ன்
4,த,ர்,ப்,பை
4,மு,ட்,க,ள்
4,க,ண்,ணி,ல்
3,கு,த்,த
6,நா,ய்,க்,கு,ட்,டி
4,வி,ழி,க,ளை
4,இ,ழ,ந்,து
9,ஓ,ல,மி,ட்,ட,ழு,த,ப,டி
5,செ,டி,க,ளி,ல்
5,மு,ட்,டி,யு,ம்
5,க,ற்,க,ளி,ல்
6,த,டு,க்,கி,யு,ம்
5,கொ,டி,க,ளி,ல்
5,சி,க்,கி,யு,ம்
6,கா,ட்,டு,க்,கு,ள்
4,ஓ,டி,ய,து
3,அ,ந்,த
3,ஓ,ல,ம்
7,வி,ண்,ண,க,த்,தி,ல்
5,இ,ரு,க்,கு,ம்
5,நா,ய்,க,ளி,ன்
6,தெ,ய்,வ,மா,கி,ய
5,ச,ர,மை,யி,ன்
5,செ,வி,க,ளி,ல்
5,வி,ழு,ந்,த,து
9,அ,ந்,த,ச்,சி,று,நா,யி,ல்
5,கு,டி,கொ,ண்,டு
4,எ,ழு,ந்,து
4,பொ,ன்,னி,ற
4,உ,ட,லு,ம்
3,நீ,ண்,ட
3,வா,லு,ம்
7,அ,ர்,க்,ய,மி,ட,க்
4,கு,வி,ந்,த
5,க,ர,ங்,க,ள்
3,போ,ன்,ற
6,செ,வி,க,ளு,மா,க
6,ஜ,ன,மே,ஜ,ய,ன்
4,மு,ன்,னா,ல்
3,ச,ர,மை
3,வ,ந்,து
4,நி,ன்,ற,து
9,வே,ள்,வி,ச்,சா,லை,க்,கு,ள்
4,பு,கு,ந்,த
7,மா,ம,ன்,ன,னை,யு,ம்
10,ப,ட்,ட,த்,த,ர,சி,யை,யு,ம்
7,வை,ச,ம்,பா,ய,ன,ர்
8,அ,ழை,த்,து,ச்,செ,ன்,று
9,செ,ம்,ம,ணி,க்,க,ண்,க,ள்
4,வி,ழி,த்,த
8,பொ,ற்,சி,ம்,ம,ங்,க,ள்
6,வா,ய்,தி,ற,ந்,து
3,நி,ன்,ற
6,ஆ,ச,ன,த்,தி,ல்
8,அ,ம,ர,ச்,செ,ய்,தா,ர்
6,யு,தி,ஷ்,டி,ர,ர்
5,அ,ம,ர்,ந்,த
4,அ,ரி,ய,ணை
6,எ,ன்,ப,த,னா,ல்
6,த,ர்,ம,ப,த,ம்
3,எ,ன்,று
8,அ,ழை,க்,க,ப்,ப,ட்,ட
2,அ,து
3,அ,ற,ம்
8,வ,ழு,வி,ய,வ,ர்,க,ளை
8,எ,ரி,த்,த,ழி,ப்,ப,து
5,எ,ன்,ற,ன,ர்
5,சூ,த,ர்,க,ள்
7,கு,டி,ம,க்,க,ளி,ன்
8,வா,ழ்,த்,தொ,லி,க,ளு,ம்
6,வே,த,கோ,ஷ,மு,ம்
4,க,ல,ந்,து
7,அ,ரு,வி,யொ,லி,போ,ல
5,எ,ழு,ந்,த,ன
7,மு,னி,வ,ர்,க,ளி,ன்
6,ம,ல,ர்,க,ளு,ம்
5,வை,தி,க,ரி,ன்
9,ம,ங்,க,ல,அ,ரி,சி,யு,ம்
3,அ,வ,ர்
2,மீ,து
5,ம,ழை,யெ,ன,ப்
5,பொ,ழி,ந்,த,ன
3,ய,க்,ஞ
7,எ,ஜ,மா,ன,ரா,கி,ய
7,வை,ச,ம்,பா,ய,ன,ர்
4,கை,கூ,ப்,பி
10,ச,க்,க,ர,வ,ர்,த்,தி,க்,கு
5,வ,ண,க்,க,ம்
3,இ,ன்,று
3,இ,ந்,த
5,வே,ள்,வி,யி,ன்
5,இ,று,தி,நா,ள்
4,இ,ன்,று,ம்
4,தா,ங்,க,ளே
4,வே,ள்,வி,க்
5,கா,வ,ல,னா,க
5,அ,ம,ர்,ந்,து
2,இ,தை
10,மு,ழு,மை,செ,ய்,ய,வே,ண்,டு,ம்
3,எ,ன்,று
8,கே,ட்,டு,க்,கொ,ண்,டா,ர்
6,ஜ,ன,மே,ஜ,ய,ன்
4,அ,வ்,வா,றே
5,ஆ,க,ட்,டு,ம்
5,எ,ன்,ற,ப,டி
7,கை,கூ,ப்,பி,ய,ப,டி
8,சி,ம்,மா,ச,ன,த்,தி,ல்
6,அ,ம,ர்,ந்,தா,ர்
5,அ,மை,ச்,ச,ர்
4,ஒ,ரு,வ,ர்
6,ஜ,ன,மே,ஜ,ய,ன்
3,கை,யி,ல்
4,ப,ட்,டி,ல்
7,சு,ற்,ற,ப்,ப,ட்,ட
8,நா,ர,த,சு,ரு,தி,யி,ன்
2,ஒ,ரு
8,ஏ,ட்,டு,ப்,பி,ர,தி,யை
4,அ,ளி,க்,க
3,த,லை,மை
7,த,ள,க,ர்,த்,த,ர்
4,ம,ணி,க,ள்
4,ஜொ,லி,த்,த
2,பொ,ன்
5,உ,றை,யு,ட,ன்
3,கூ,டி,ய
3,சி,றி,ய
4,உ,டை,வா,ளை
5,அ,ளி,த்,தா,ர்
7,நா,ல்,வ,ரு,ண,த்,து
7,கு,டி,த்,த,லை,வ,ர்
4,நா,ல்,வ,ர்
4,சே,ர்,ந்,து
7,ஜ,ன,மே,ஜ,ய,னி,ன்
11,செ,ங்,கோ,லை,க்,கொ,ண்,டு,வ,ந்,து
5,அ,வ,ரி,ட,ம்
6,அ,ளி,த்,த,ன,ர்
2,மே,லே
4,வி,ரி,ந்,த
5,தா,ம,ரை,மீ,து
7,அ,மு,த,க,ல,ச,ச்
4,சி,ன்,ன,ம்
3,கொ,ண்,ட
6,பொ,ற்,செ,ங்,கோ,லை
6,ஜ,ன,மே,ஜ,ய,ன்
6,வ,ல,க்,கை,யி,ல்
8,ஏ,ந்,தி,க்,கொ,ண்,டா,ர்
5,ஓ,வி,ய,ம்,:
6,ஷ,ண்,மு,க,வே,ல்
7,வை,ச,ம்,பா,ய,ன,ர்
6,அ,வ,ரு,க்,கா,ன
5,பீ,ட,த்,தி,ல்
10,அ,ம,ர்,ந்,து,கொ,ண்,ட,து,ம்
4,மு,த,ன்,மை
4,ஹோ,தா,வா,ன
9,ச,ண்,ட,பா,ர்,க்,க,வ,ர்
4,எ,ழு,ந்,து
4,வ,ண,ங்,கி
5,த,ர்,ப்,பை,யை
3,அ,வ,ர்
3,கை,யி,ல்
4,கொ,டு,த்,து
4,வே,ள்,வி,யை
7,மு,டி,க்,கு,ம்,ப,டி
4,கோ,ரி,னா,ர்
5,க,ட,லோ,ர,த்
7,தி,ரா,வி,ட,ச்,சே,ர
7,நா,ட்,டி,லி,ரு,ந்,து
6,வ,ந்,தி,ரு,ந்,த
9,ச,ண்,ட,பா,ர்,க்,க,வ,ர்
5,பி,ரு,கு,வி,ன்
5,மை,ந்,த,ரா,ன
4,சி,ய,வ,ன
5,மு,னி,வ,ரி,ன்
7,கு,ரு,கு,ல,த்,தை,ச்
6,சே,ர்,ந்,த,வ,ர்
4,நா,ல்,வ,கை
6,வே,த,ங்,க,ளி,ல்
6,அ,த,ர்,வ,த்,தை
7,மு,த,ன்,மை,யா,க்,கி
7,பூ,த,யா,க,ங்,க,ளை
9,மு,த,ல்,மு,றை,மை,யா,க,க்
3,கொ,ண்,டு
9,யோ,கா,னு,ஷ்,டா,ன,ங்,க,ள்
4,வ,ழி,யா,க
6,பி,ர,ம்,ம,த்,தை
4,அ,ணு,கு,ம்
4,சி,ய,வ,ன
2,மு,றை
6,தெ,ன்,மே,ற்,கு,த்
8,தி,ரா,வி,ட,த்,தி,லு,ம்
7,வ,ங்,க,த்,தி,லு,ம்
4,ம,ட்,டு,மே
8,த,ழை,த்,தி,ரு,ந்,த,து
9,ச,ண்,ட,பா,ர்,க்,க,வ,ர்
5,த,ர்,ப்,பை,யை
6,நா,க,வி,ர,லி,ல்
6,க,ட்,டு,வ,தை,க்
5,க,ண்,ட,து,மே
5,ஆ,ஸ்,தி,க,ன்
3,அ,வ,ர்
2,தா,ன்
3,க,ற்,ற
4,சி,ய,வ,ன
8,கு,ரு,கு,ல,த்,த,வ,ர்
5,எ,ன்,ப,தை,க்
7,க,ண்,டு,கொ,ண்,டா,ன்
5,மு,ர,சு,க,ள்
4,மீ,ண்,டு,ம்
7,மு,ழ,ங்,கி,ய,து,ம்
4,அ,து,வ,ரை
4,இ,ரு,ந்,த
7,ரி,த்,வி,க்,கு,க,ள்
4,எ,ழு,ந்,து
7,பு,தி,ய,வ,ர்,க,ள்
10,அ,ம,ர்,ந்,து,கொ,ண்,ட,ன,ர்
5,அ,னை,வ,ரு,ம்
6,க,ர,டி,த்,தோ,லை
10,போ,ர்,த்,தி,யி,ரு,ந்,த,ன,ர்
7,ஒ,வ்,வொ,ரு,வ,ரி,ன்
5,பி,ன்,னா,லு,ம்
7,உ,ப,ஹோ,தா,க்,க,ள்
5,அ,ம,ர்,ந்,து
7,ச,மி,த்,து,க்,க,ளை
9,எ,டு,த்,து,க்,கொ,டு,க்,க
5,அ,வ,ர்,க,ள்
6,க,டை,சி,க,ட்,ட
5,ஆ,கு,தி,க,ளை
8,ஆ,ர,ம்,பி,த்,த,ன,ர்
6,எ,ளி,ய,வை,யு,ம்
7,அ,ரி,ய,வை,யு,மா,ன
3,நீ,ரு,ம்
5,இ,லை,க,ளு,ம்
6,ம,ல,ர்,க,ளு,ம்
9,மு,த,ல்,க,ட்,ட,த்,தி,ல்
6,நெ,ரு,ப்,பு,க்,கு
9,அ,ளி,க்,க,ப்,ப,ட்,ட,ன
6,அ,ரி,ய,வை,யு,ம்
11,இ,ன்,றி,ய,மை,யா,த,வை,யு,மா,ன
4,நெ,ய்,யு,ம்
4,உ,ண,வு,ம்
5,ஆ,டை,க,ளு,ம்
7,அ,த,ன்,பி,ன்,ன,ர்
4,அ,வி,யா,க
8,பொ,ழி,ய,ப்,ப,ட்,ட,ன
5,அ,த,ன்,பி,ன்
6,அ,ரி,ய,வை,யு,ம்
8,அ,ற்,ப,மா,ன,வை,யு,ம்
7,மா,ம,ன்,ன,ர்,க,ள்
6,ப,டை,தி,ர,ட்,டி
8,ஒ,ரு,வ,ரை,யொ,ரு,வ,ர்
8,கொ,ன்,று,கு,வி,க்,க,க்
5,கா,ர,ண,மா,க
8,அ,மை,ந்,த,வை,யு,மா,ன
6,ந,வ,ம,ணி,க,ள்
9,அ,வி,யி,ட,ப்,ப,ட்,ட,ன
8,வே,ள்,வி,ச்,சா,லை,யி,ல்
6,ஒ,வ்,வொ,ரு,வ,ர்
5,க,ண்,க,ளு,ம்
6,அ,வ,ற்,றி,லே,யே
8,ப,தி,ந்,தி,ரு,ந்,த,ன
11,க,ண்,ணீ,ர்,த்,து,ளி,க,ள்,போ,ல
9,கு,ரு,தி,த்,தி,வ,லை,க,ள்
2,போ,ல
9,வி,ந்,து,ச்,சொ,ட்,டு,க,ள்
2,போ,ல
2,அ,வை
5,நெ,ரு,ப்,பி,ல்
6,வி,ழு,ந்,த,போ,து
7,அ,ர,ங்,கெ,ங்,கு,ம்
7,நெ,டு,மூ,ச்,சு,க,ள்
5,எ,ழு,ந்,த,ன
9,பூ,த,யா,க,த்,தி,ற்,கெ,ன
11,ந,வ,த்,து,வா,ர,ங்,க,ளை,யு,ம்
2,மூ,டி
5,மு,றை,ப்,ப,டி
7,கொ,ல்,ல,ப்,ப,ட்,ட
3,மா,னி,ன்
6,இ,றை,ச்,சி,யு,ம்
5,ப,ன்,றி,யி,ன்
6,இ,றை,ச்,சி,யு,ம்
7,ப,சு,ங்,க,ன்,றி,ன்
6,இ,றை,ச்,சி,யு,ம்
10,அ,வி,யா,க்,க,ப்,ப,ட்,ட,ன
3,ச,த்,வ
2,த,மோ
2,ர,ஜோ
3,கு,ண,ம்
3,கொ,ண்,ட
2,அ,வை
5,வி,ண்,ணா,ளு,ம்
7,தே,வ,ர்,க,ளு,க்,கு
5,உ,ண,வா,யி,ன
11,பா,தா,ள,மூ,ர்,த்,தி,க,ளு,க்,கு
6,கா,க,ங்,க,ளு,ம்
9,நீ,ர்,த்,த,வ,ளை,க,ளு,ம்
7,தே,ர,ட்,டை,க,ளு,ம்
5,மீ,ன்,க,ளு,ம்
10,அ,வி,யா,க்,க,ப்,ப,ட்,ட,ன
7,ப,ற,ப்,ப,வை,யு,ம்
6,தா,வு,ப,வை,யு,ம்
6,ஊ,ர்,ப,வை,யு,ம்
8,நீ,ந்,து,ப,வை,யு,மா,ன
11,அ,த்,தெ,ய்,வ,ங்,க,ளெ,ல்,லா,ம்
5,அ,வி,பெ,ற்,று
7,ப,சி,ய,ட,ங்,கி,ன
5,க,டை,சி,யா,க
10,ச,ண்,ட,பா,ர்,க்,க,வ,ரு,ம்
5,அ,வ,ரு,ட,ன்
3,வ,ந்,த
5,ப,தி,னெ,ட்,டு
6,ஹோ,தா,க்,க,ளு,ம்
2,த,ம்
7,வ,ல,க்,கை,க,ளை,க்
4,கி,ழி,த்,து
4,சொ,ட்,டி,ய
4,கு,ரு,தி,யை
7,அ,வி,யா,க்,கி,ன,ர்
6,யா,க,நெ,ரு,ப்,பு
8,ப,லா,ச,வி,ற,கை,யு,ம்
4,ஆ,ல,ம,ர
5,வி,ழு,தை,யு,ம்
4,உ,ண்,ணு,ம்
2,அ,தே
5,பா,வ,னை,யி,ல்
4,அ,வ,ற்,றை
4,எ,ல்,லா,ம்
3,உ,ண்,டு
6,நி,ன்,றா,டி,ய,தை
5,ஆ,ஸ்,தி,க,ன்
4,க,ண்,டா,ன்
4,அ,த,ர்,வ
2,வே,த
6,சூ,க்,த,ங்,க,ள்
6,வா,னி,லி,ரு,ந்,து
4,இ,ழி,யு,ம்
5,அ,ரு,வி,யி,ன்
4,ஓ,சை,யி,ல்
4,து,தி,க்,கை
3,தூ,க்,கி
4,பி,ளி,று,ம்
6,ம,த,க,ரி,யி,ன்
4,கு,ர,லி,ல்
4,நி,ல,த்,தை
4,அ,றை,ந்,து
6,க,ர்,ஜி,க்,கு,ம்
6,சி,ம்,ம,த்,தி,ன்
4,ஒ,லி,யி,ல்
11,கே,ட்,டு,க்,கொ,ண்,டி,ரு,ந்,த,ன
3,பி,ன்,பு
7,வை,ச,ம்,பா,ய,ன,ர்
4,எ,ழு,ந்,து
1,கை
5,கூ,ப்,பி,னா,ர்
3,இ,ன்,று
4,சி,ரா,வ,ண
3,மா,த,ம்
7,சு,க்,ல,ப,ஞ்,ச,மி
2,இ,தோ
9,வே,ள்,வி,நெ,ரு,ப்,பு,க்,கு
5,அ,ன்,ன,த்,தை
4,அ,வி,யா,க
5,அ,ளி,ப்,ப,து
5,மு,ழு,மை,யா,கி
4,வி,ட்,ட,து
6,வை,தி,க,ர்,க,ளே
8,ஐ,ம்,பூ,த,ங்,க,ளு,ம்
5,வே,ள்,வி,யா,ல்
4,இ,ப்,போ,து
9,தூ,ய்,மை,யா,கி,வி,ட்,ட,ன
2,நா,ம்
2,ந,ம்
8,அ,க,ங்,கா,ர,த்,தி,ன்
6,அ,டை,யா,ள,மா,க
9,ந,ம்,மி,ட,மி,ரு,க்,கு,ம்
5,அ,னை,த்,து,ப்
7,பொ,ரு,ட்,க,ளை,யு,ம்
4,இ,ந்,த,த்
5,த,ழ,லு,க்,கு
5,உ,ண,வா,க்,கி
6,வி,ட்,டோ,ம்,இ,னி
2,ந,ம்
6,ம,ன,ங்,க,ளி,ல்
3,உ,ள்,ள
6,கா,ம,த்,தை,யு,ம்
7,கு,ரோ,த,த்,தை,யு,ம்
6,மோ,க,த்,தை,யு,ம்
3,இ,ந்,த
5,நெ,ரு,ப்,பி,லே
7,அ,வி,ஸா,க்,கு,வோ,ம்
4,எ,ன்,றா,ர்
10,ரி,த்,வி,க்,கு,க,ளு,ட,னு,ம்
8,ஹோ,தா,க்,க,ளு,ட,னு,ம்
4,இ,ணை,ந்,து
6,அ,ங்,கி,ரு,ந்,த
5,அ,னை,வ,ரு,ம்
4,த,ங்,க,ள்
7,நெ,ஞ்,சி,லி,ரு,ந்,து
6,எ,ண்,ண,ங்,க,ளை
3,கை,யா,ல்
3,அ,ள்,ளி
3,தீ,யி,ல்
4,போ,டு,வ,து
2,போ,ல
2,சை,கை
3,கா,ட்,ட
8,அ,வ,ற்,றை,யெ,ல்,லா,ம்
10,ஏ,ற்,று,க்,கொ,ண்,ட,து,போ,ல
1,தீ
5,பி,ன்,வா,ங்,கி
3,க,ரு,கி
4,பி,ன்,ன,ர்
2,மே,லே
4,எ,ழு,ந்,து
7,ப,ட,ப,ட,த்,த,து
5,ஆ,ஸ்,தி,க,ன்
4,நெ,ளி,யு,ம்
6,ப,ல்,லா,யி,ர,ம்
10,ச,ர்,ப்,ப,ங்,க,ளை,ப்,போ,ல
4,அ,ந்,த,க்
3,கை,க,ளை
6,உ,ண,ர்,ந்,தா,ன்
7,த,ன்,னி,லி,ரு,ந்,து
3,த,ன்,னை
5,வி,ல,க்,கு,ம்
3,கை,க,ள்
2,ஒ,ரு
6,க,ட்,ட,த்,தி,ல்
7,வெ,ளி,யி,லி,ரு,ந்,து
5,த,ன,க்,கு,ள்
3,எ,தை,யோ
3,அ,ள்,ளி
9,நி,ர,ப்,பு,ப,வை,யா,க,த்
4,தோ,ன்,றி,ன
8,அ,ந்,த,ச்,சை,கை,க,ள்
6,ஒ,ரு,வ,கை,யா,ன
5,ஒ,த்,தி,சை,வை
4,அ,டை,ந்,த
2,ஒ,ரு
5,க,ண,த்,தி,ல்
9,நீ,ல,த்,த,ழ,ல்,பீ,ட,ம்
2,மீ,து
3,ஏ,றி,ய
5,செ,ந்,த,ழ,ல்
4,எ,ழு,ந்,து
4,ப,ற,ந்,து
4,கை,நீ,ட்,டி
10,வே,ள்,வி,ம,ண்,ட,ப,த்,தி,ன்
7,கூ,ரை,வி,ளி,ம்,பை,ப்
7,ப,ற்,றி,க்,கொ,ண்,டு
5,மே,லே,றி,ய,து
10,வே,ள்,வி,ம,ண்,ட,ப,த்,தி,ன்
8,ஈ,ச்,சை,யோ,லை,க்,கூ,ரை
5,தீ,ப்,ப,ற்,றி
11,செ,ந்,நெ,ரு,ப்,பு,த்,த,ழ,லா,ட
10,எ,ரி,ய,த்,தொ,ட,ங்,கி,ய,து
1,தீ
9,வே,ள்,வி,க்,கூ,ட,த்,தி,ன்
6,கூ,ரை,யெ,ங்,கு,ம்
5,ப,ட,ர்,ந்,து
5,அ,வ,ர்,க,ள்
6,த,லை,க்,கு,மே,ல்
5,செ,ந்,நி,ற,க்
4,கூ,ரை,போ,ல
3,நி,ன்,று
5,எ,ரி,ந்,த,து
5,அ,வ,ர்,க,ள்
5,அ,னை,வ,ரு,ம்
3,மெ,ல்,ல
7,உ,ட,ல்,தொ,ய்,ந்,து
3,அ,மை,ய
3,கை,க,ள்
5,த,ள,ர்,ந்,து
4,ம,டி,மீ,து
5,வி,ழு,ந்,த,ன
6,மூ,ச்,சொ,லி,க,ள்
4,ம,ட்,டு,ம்
9,வே,ள்,வி,க்,கூ,ட,த்,தி,ல்
8,நி,றை,ந்,தி,ரு,ந்,த,ன
7,வை,ச,ம்,பா,ய,ன,ர்
2,நா,ம்
5,அ,னை,வ,ரு,ம்
8,தூ,ய,வ,ர்,க,ளா,னோ,ம்
4,எ,ன்,ப,து
3,உ,ண்,மை
4,எ,ன்,றா,ல்
3,இ,ந்,த
10,வே,ள்,வி,ம,ண்,ட,ப,த்,தி,ல்
4,வ,ரு,ண,னே
3,வ,ந்,து
6,எ,ங்,க,ளு,க்,கு
3,சா,ன்,று
6,சொ,ல்,ல,ட்,டு,ம்
2,எ,ன
5,உ,ர,க்,க,க்
4,கூ,வி,னா,ர்
6,வை,தி,க,ர்,க,ள்
2,ஓ,ம்
4,அ,வ்,வா,றே
5,ஆ,க,ட்,டு,ம்
2,எ,ன
4,சே,ர்,ந்,து
6,மு,ழ,ங்,கி,ன,ர்
2,ம,ழை
8,ப,ல்,லா,யி,ர,ம்,கோ,டி
5,மு,ள்,ரோ,ம,க்
7,கா,ல,டி,க,ளு,ட,ன்
7,நெ,ரு,ங்,கி,வ,ந்,து
8,வே,ள்,வி,ச்,சா,லை,யை,த்
3,த,ழு,வி
4,அ,ப்,பா,ல்
3,செ,ல்,ல
2,கூ,ரை
6,அ,தி,ர்,ந்,த,து
6,தீ,நா,க்,கு,க,ள்
3,கு,ன்,றி
11,க,ரு,க,ல்,மு,னை,க,ளு,க்,கு,ள்
8,பு,கு,ந்,து,கொ,ண்,ட,ன
7,வை,ச,ம்,பா,ய,ன,ர்
4,ரி,ஷி,க,ளே
7,ரி,த்,வி,க்,கு,க,ளே
2,ம,கா
6,வை,தி,க,ர்,க,ளே
2,இ,தோ
4,வ,ரு,ண,னே
3,வ,ந்,து
3,ந,ம்,மை
11,அ,ங்,கீ,க,ரி,த்,து,வி,ட்,டா,ன்
2,இ,னி
2,ந,ம்
3,ஆ,ன்,ம
4,ச,க்,தி,யை
4,மு,ழு,க்,க
6,தி,ர,ட்,டு,வோ,ம்
8,ம,னி,த,கு,ல,த்,தி,ன்
4,மொ,த்,த,த்
5,தீ,ங்,கை,யு,ம்
4,தி,ர,ட்,டி
3,இ,ந்,த
9,வே,ள்,வி,ச்,சா,லை,க்,கு,க்
7,கொ,ண்,டு,வ,ரு,வோ,ம்
4,அ,வ,ற்,றை
3,இ,ந்,த
6,அ,க்,கி,னி,க்,கு
4,அ,வி,ஸா,க
5,ஏ,ற்,று,வோ,ம்
4,எ,ன்,றா,ர்
2,ஓ,ம்
4,அ,வ்,வா,றே
3,ஆ,கு,க
2,எ,ன
2,அ,வை
6,மு,ழ,ங்,கி,ய,து
4,ஆ,வா,ஹ,ன
3,வே,ள்,வி
6,தொ,ட,ங்,கி,ய,து
4,அ,த,ர்,வ
7,ம,ந்,தி,ர,ங்,க,ள்
4,ப,தி,னா,று
4,கை,க,ளு,ம்
3,எ,ட்,டு
6,மு,க,ங்,க,ளு,ம்
3,கொ,ண்,ட
4,உ,க்,கி,ர
5,ரூ,பி,க,ளா,ன
9,பா,தா,ள,மூ,ர்,த்,தி,க,ள்
2,போ,ல
4,எ,ழு,ந்,து
3,வ,ந்,து
4,நி,ன்,ற,ன
8,ம,ண்,ணி,லி,ற,ங்,கி,ய
4,வி,ண்,ண,க
6,மி,ன்,ன,ல்,க,ள்
2,போ,ல
6,வெ,ட்,டி,வெ,ட்,டி
9,அ,தி,ர்,ந்,த,ட,ங்,கி,ன
5,அ,க்,க,ண,ம்
2,ஒ,ரு
4,அ,ச்,ச,ம்
4,நி,றை,ந்,த
4,கூ,ச்,ச,ல்
5,எ,ழு,ந்,த,து
2,சி,ல
4,வை,தி,க,ர்
3,ப,த,றி
4,எ,ழு,ந்,து
7,வி,ல,கி,னா,ர்,க,ள்
3,அ,ங்,கே
2,ஒ,ரு
3,பெ,ரி,ய
5,க,ரு,நா,க,ம்
7,மு,த,ல்,ம,ழை,யி,ன்
4,ஓ,டை,நீ,ர்
2,போ,ல
4,த,ய,ங்,கி
4,நெ,ளி,ந்,து
4,வ,ரு,வ,தை
5,ஆ,ஸ்,தி,க,ன்
4,க,ண்,டா,ன்
5,நி,லை,க்,கா,த
2,வே,த
6,ஒ,லி,க்,கே,ற்,ப
3,பா,ம்,பு
4,ம,ண்,ணி,ல்
7,நீ,ந்,தி,ச்,செ,ன்,று
8,வே,ள்,வி,க்,கு,ள,த்,தை
3,அ,ணு,கி
4,வி,ல்,லெ,ன
4,வ,ளை,ந்,து
4,த,ன்,னை,யே
5,அ,ம்,பா,க,ச்
4,செ,லு,த்,தி
3,தீ,யி,ல்
4,வி,ழு,ந்,து
4,து,டி,த்,து
4,து,டி,த்,து
9,எ,ரி,ந்,த,தை,க்,க,ண்,டு
6,ஜ,ன,மே,ஜ,ய,ன்
6,கை,கூ,ப்,பி,னா,ர்
10,வே,ள்,வி,க்,கூ,ட,மெ,ங்,கு,ம்
2,ப,ல
5,நா,க,ங்,க,ள்
3,தோ,ன்,றி
4,ஊ,ர்,ந்,து
3,வ,ந்,து
7,வே,ள்,வி,த்,தீ,யி,ல்
7,ஏ,றி,க்,கொ,ண்,ட,ன
9,து,ண்,டி,க்,க,ப்,ப,ட்,ட
4,கு,ர,ங்,கு
4,வா,ல்,க,ள்
3,போ,ன்,ற
3,சி,றி,ய
5,பா,ம்,பு,க,ள்
5,இ,ரு,ட்,டி,ன்
5,து,ம்,பி,க்,கை
6,நீ,ள்,வ,து,போ,ல
3,வ,ந்,த
8,பெ,ரு,ம்,பா,ம்,பு,க,ள்
5,அ,வ,ர்,க,ள்
6,ஒ,வ்,வொ,ரு,வ,ர்
7,ந,டு,வி,லி,ரு,ந்,த
5,இ,ரு,ட்,டு,ம்
8,பா,ம்,பு,க,ளா,கி,ய,து
6,அ,வ,ர்,க,ளி,ன்
4,ம,டி,யி,ன்
9,ம,டி,ப்,பு,க,ளு,க்,கு,ள்
4,இ,ரு,ந்,த
5,நி,ழ,ல்,க,ள்
6,பா,ம்,பு,க,ளா,க
3,மா,றி,ன
6,அ,வ,ர்,க,ளி,ன்
7,அ,க்,கு,ளு,க்,கு,ள்
4,இ,ரு,ந்,த
5,து,ளி,யி,ரு,ள்
6,பா,ம்,பா,யி,ற்,று
2,பி,ன்
6,அ,வ,ர்,க,ளி,ன்
9,வா,ய்,க,ளு,க்,கு,ள்,ளு,ம்
9,நா,சி,க,ளு,க்,கு,ள்,ளு,ம்
4,இ,ரு,ந்,த
7,நி,ழ,ல்,க,ள்,கூ,ட
6,பா,ம்,பு,க,ளா,க
2,மா,றி
4,ம,ண்,ணி,ல்
8,நெ,ளி,ந்,து,செ,ல்,ல,க்
5,க,ண்,ட,ன,ர்
3,அ,ன்,னை
4,ம,டி,யி,ல்
2,தா,வி
3,ஏ,று,ம்
6,கு,ழ,ந்,தை,க,ள்
2,போ,ல
4,ஆ,ற்,றி,ல்
5,க,ல,க்,கு,ம்
6,சி,ற்,றோ,டை,க,ள்
2,போ,ல
4,நெ,ரு,ப்,பை
3,அ,ணு,கி
3,அ,தி,ல்
8,இ,ணை,ந்,து,கொ,ண்,ட,ன
4,அ,த்,த,னை
6,பா,ம்,பு,க,ளு,ம்
8,வே,ள்,வி,நெ,ரு,ப்,பி,ல்
6,ம,றை,ந்,த,து,ம்
9,அ,ப்,ப,கு,தி,யெ,ங்,கு,ம்
6,எ,ரி,த,ல,ற்,ற
2,ஒ,ளி
8,நி,றை,ந்,தி,ரு,ப்,ப,தை
5,அ,வ,ர்,க,ள்
5,க,ண்,ட,ன,ர்
8,ஓ,வி,ய,ப்,ப,ர,ப்,பு
2,போ,ல
9,அ,வ,ர்,க,ள,னை,வ,ரு,ம்
9,ஒ,ன்,றா,கி,வி,ட்,ட,தா,க
7,உ,ண,ர்,ந்,த,ன,ர்
8,நி,ழ,ல்,க,ளெ,ல்,லா,ம்
8,அ,க,ன்,று,வி,ட்,ட,தே
5,அ,த,ற்,கு,க்
4,கா,ர,ண,ம்
3,எ,ன்,று
6,அ,வ,ர்,க,ளி,ல்
3,சி,ல,ரே
6,அ,றி,ந்,த,ன,ர்
5,கு,ள,த்,தி,ன்
4,எ,ஞ்,சி,ய
2,நீ,ர்
8,வெ,ளி,ம,டை,நோ,க்,கி,ச்
6,செ,ல்,வ,து,போ,ல
8,நா,க,ப்,பா,ம்,பு,க,ள்
11,வே,ள்,வி,க்,கு,ள,த்,து,க்,கு,ள்
4,பு,கு,ந்,து
5,ம,றை,ந்,த,ன
5,மு,து,மை,யா,லோ
7,ம,ய,க்,க,த்,தா,லோ
5,ஆ,ங்,கா,ங்,கே
3,தே,ங்,கி
4,வ,ளை,ந்,து
4,கி,ட,ந்,த
2,சி,ல
5,நா,க,ங்,க,ளை
5,ஹோ,தா,க்,க,ள்
7,த,ர்,ப்,பை,ப்,பு,ல்
4,நு,னி,யா,ல்
7,மெ,ல்,ல,த்,தீ,ண்,ட
2,அ,வை
5,சி,லி,ர்,த்,து
4,எ,ழு,ந்,து
4,வ,ளை,ந்,து
9,வே,ள்,வி,ப்,பீ,ட,த்,தி,ல்
3,தொ,ற்,றி
2,ஏ,றி
4,நெ,ரு,ப்,பை
5,அ,டை,ந்,த,ன
7,வை,ச,ம்,பா,ய,ன,ர்
4,வ,ண,ங்,கி
6,மா,ம,ன்,ன,ரி,ன்
5,வி,ரு,ப்,ப,ம்
2,இ,தோ
3,மு,ழு,மை
4,கொ,ண்,ட,து
8,இ,வ்,வு,ல,க,த்,தி,ன்
6,அ,ழு,க்,கு,க,ள்
4,எ,ல்,லா,ம்
4,பொ,சு,ங்,கி
4,வி,ட்,ட,ன
2,நா,ளை
4,உ,தி,த்,து
3,எ,ழு,ம்
4,சூ,ரி,ய,ன்
7,பு,த்,த,ம்,பு,தி,ய
3,பூ,மி,யை
9,பா,ர்,க்,க,ப்,போ,கி,றா,ன்
4,எ,ன்,றா,ர்
2,அ,வை
4,அ,வ,ர,து
4,சொ,ற்,க,ளை
3,ஏ,ற்,று
5,ஆ,ர,வா,ர,ம்
4,செ,ய்,த,து
3,ஆ,னா,ல்
5,கூ,ட்,ட,த்,தை
5,த,ய,ங்,கு,ம்
5,வி,ழி,க,ளா,ல்
7,பா,ர்,த்,து,வி,ட்,டு
4,கை,கூ,ப்,பி
4,எ,ழு,ந்,த
6,ஜ,ன,மே,ஜ,ய,ன்
11,வை,ச,ம்,பா,ய,ன,ரே,இ,ன்,னு,ம்
5,த,ட்,ச,னு,ம்
6,த,ட்,ச,கி,யு,ம்
6,வ,ர,வி,ல்,லை,யே
4,எ,ன்,றா,ர்
7,வை,ச,ம்,பா,ய,ன,ர்
2,அ,தை
6,அ,ப்,போ,து,தா,ன்
5,உ,ண,ர்,ந்,து
5,தி,கை,த்,தா,ர்
6,ஜ,ன,மே,ஜ,ய,ன்
4,த,ட்,ச,ன்
6,அ,ர,ச,நா,க,ம்
4,கு,ன்,றா,த
6,வீ,ரி,ய,த்,தி,ன்
4,சி,ன்,ன,ம்
3,அ,வ,ன்
4,ஒ,ரு,வ,ன்
5,மி,ஞ்,சி,னா,லே
3,போ,து,ம்
2,மீ,தி
4,அ,னை,த்,து
7,நா,க,ங்,க,ளை,யு,ம்
7,பா,ம்,பு,க,ளை,யு,ம்
3,அ,வ,ன்
4,ஒ,ரு,வ,னே
9,உ,ரு,வா,க்,கி,வி,டு,வா,ன்
4,எ,ன்,றா,ர்
4,மீ,ண்,டு,ம்
5,ஆ,கு,தி,க,ள்
5,தொ,ட,ங்,கி,ன
4,மீ,ண்,டு,ம்
7,கு,ட,ம்,கு,ட,மா,க
4,நெ,ய்,யு,ம்
7,ச,மி,த்,து,க,ளு,ம்
8,கொ,ட்,ட,ப்,ப,ட்,ட,ன
4,த,ங்,க,ள்
4,அ,னை,த்,து
8,ந,ல்,வி,னை,க,ளை,யு,ம்
8,ஆ,கு,தி,யா,க்,கி,ன,ர்
4,த,ங்,க,ள்
8,மூ,தா,தை,ய,ரு,க்,கெ,ன
6,அ,க,க்,கை,யி,ல்
8,எ,ஞ்,சி,யி,ரு,க்,கு,ம்
3,க,டை,சி
7,ப,லி,யு,ண,வை,யு,ம்
8,ஆ,கு,தி,யா,க்,கி,ன,ர்
4,த,ங்,க,ள்
9,ம,ர,ண,க்,க,ண,த்,தி,ல்
3,நா,வி,ல்
7,சொ,ட்,ட,வே,ண்,டி,ய
3,இ,று,தி
8,நீ,ர்,த்,து,ளி,யை,யு,ம்
6,அ,ளி,த்,த,ன,ர்
5,அ,ப்,போ,து,ம்
4,த,ட்,ச,ன்
5,வ,ர,வி,ல்,லை
7,வை,ச,ம்,பா,ய,ன,ர்
4,மு,த,ன்,மை
6,நி,மி,த்,தி,க,னை
4,அ,ழை,த்,து
4,த,ட்,ச,ன்
3,எ,ங்,கே
3,எ,ன்,று
4,கு,றி,க,ள்
3,நோ,க்,கி
6,சொ,ல்,லு,ம்,ப,டி
6,ஆ,ணை,யி,ட்,டா,ர்
3,எ,ட்,டு
7,தி,சை,மு,னை,க,ளி,ல்
7,கு,ரு,தி,ச்,சொ,ட்,டு
4,வீ,ழ்,த்,தி
2,ஏ,ழு
4,சோ,ழி,க,ளை
4,உ,ரு,ட்,டி
5,அ,வ,ற்,றி,ன்
3,ந,டு,வே
3,ஓ,டு,ம்
6,ச,ர,டு,க,ளை,க்
6,க,ண,க்,கி,ட்,டு
6,நி,மி,த்,தி,க,ன்
4,சொ,ன்,னா,ன்
5,கு,ரு,நா,த,ரே
4,த,ட்,ச,ன்
3,நே,ரா,க
6,இ,ந்,தி,ர,னி,ன்
5,ச,பை,க்,கு,ச்
3,செ,ன்,று
3,அ,வ,ன்
5,கா,ல,டி,யி,ல்
4,வி,ழு,ந்,து
6,அ,டை,க்,க,ல,ம்
2,கோ,ரி
8,பெ,ற்,றி,ரு,க்,கி,றா,ன்
6,ஜ,ன,மே,ஜ,ய,ன்
8,அ,ப்,ப,டி,யெ,ன்,றா,ல்
3,அ,ந்,த
6,இ,ந்,தி,ர,னை,யே
3,இ,ங்,கே
8,வ,ர,வ,ழை,யு,ங்,க,ள்
3,எ,ன்,று
4,கூ,வி,னா,ர்
7,வை,ச,ம்,பா,ய,ன,ர்
4,தி,கை,த்,து
2,ஏ,தோ
8,சொ,ல்,ல,வ,ரு,கை,யி,ல்
9,கை,நீ,ட்,டி,த்,த,டு,த்,து
4,நீ,ங்,க,ள்
4,செ,ய்,யு,ம்
5,வே,ள்,வி,க்,கு
8,ஆ,ற்,ற,லி,ரு,ந்,தா,ல்
5,இ,ந்,தி,ர,னை
3,கொ,ண்,டு
5,வா,ரு,ங்,க,ள்
3,எ,ன்,று
6,ஜ,ன,மே,ஜ,ய,ன்
7,கூ,ச்,ச,லி,ட்,டா,ர்
7,வை,ச,ம்,பா,ய,ன,ர்
12,ச,க்,ர,வ,ர்,த்,தி,இ,ந்,தி,ர,ன்
7,தே,வ,ரு,ல,கு,க்,கே
4,த,லை,வ,ன்
4,எ,ன்,றா,ர்
6,ஜ,ன,மே,ஜ,ய,ன்
3,யா,ரா,க
6,இ,ரு,ந்,தா,லு,ம்
4,ச,ரி,நா,ன்
7,இ,ந்,த,வே,ள்,வி,யை
6,மு,டி,க்,கா,ம,ல்
4,வி,ட்,டா,ல்
4,இ,து,வ,ரை
7,வா,ழ்,ந்,த,த,ற்,கே
3,பொ,ரு,ள்
10,இ,ல்,லை,மு,டி,யா,து,இ,ந்,த
3,வே,ள்,வி
17,மு,டி,ந்,தா,க,வே,ண்,டு,ம்,க,ட்,டி,வா,ரு,ங்,க,ள்
5,இ,ந்,தி,ர,னை
4,எ,ன்,றா,ர்
3,இ,ங்,கே
4,இ,ப்,போ,து
3,இ,ந்,த
3,வே,ள்,வி
9,மு,ழு,மை,யா,க,வே,ண்,டு,ம்
9,மு,ம்,மூ,ர்,த்,தி,க,ளை,யே
7,சி,றை,யி,ட்,டா,லு,ம்
2,ச,ரி
4,எ,ன்,றா,ர்
4,எ,ரி,ந்,து
4,எ,ழு,ந்,த
8,வே,ள்,வி,ச்,சு,ட,ரி,ல்
5,அ,வ,ர்,க,ள்
4,த,ங்,க,ள்
3,இ,று,தி
5,ஆ,கு,தி,யை,ச்
6,செ,லு,த்,தி,ன,ர்
6,த,லை,மு,றை,க,ள்
5,உ,ற,ங்,கு,ம்
4,த,ங்,க,ள்
7,வி,ந்,து,க்,க,ளி,ன்
6,வீ,ரி,ய,ங்,க,ள்
5,அ,னை,த்,து,ம்
5,அ,வி,யா,கு,க
5,எ,ன்,ற,ன,ர்
3,அ,ந்,த
6,ம,த,லை,க,ளை,ப்
4,ப,ற்,றி,ய
4,த,ங்,க,ள்
6,க,ன,வு,க,ளு,ம்
6,எ,ரி,ந்,த,ழி,க
5,எ,ன்,ற,ன,ர்
7,வை,ச,ம்,பா,ய,ன,ர்
7,இ,ரு,கை,க,ளை,யு,ம்
4,வி,ரி,த்,து
5,இ,ந்,தி,ர,னே
4,எ,ங்,க,ள்
3,வே,ள்,வி
8,மு,ழு,மை,ய,டை,ந்,த,து
4,எ,ன்,றா,ல்
3,இ,ங்,கே
7,வே,ள்,வி,த்,தூ,ணா,க
10,ந,ட,ப்,ப,ட்,டி,ரு,க்,கு,ம்
10,அ,த்,தி,ம,ர,க்,கி,ளை,யி,ல்
3,வ,ந்,து
2,நி,ல்
2,எ,ன
4,கூ,வி,னா,ர்
4,அ,ப்,போ,து
3,வா,ன,ம்
7,இ,டி,யொ,லி,யு,ட,ன்
4,பி,ள,க்,க
5,மி,ன்,ன,லி,ன்
2,பா,தை
3,ஒ,ன்,று
10,ம,ண்,ணு,க்,கி,ற,ங்,கி,ய,து
7,அ,ந்,த,மி,ன்,ன,ல்
4,தீ,ண்,டி,ய
6,அ,த்,தி,ம,ர,ம்
3,எ,ரி,ய
7,ஆ,ர,ம்,பி,த்,த,து
7,வை,ச,ம்,பா,ய,ன,ர்
2,இ,தோ
5,இ,ந்,தி,ர,ன்
8,அ,த்,தி,ம,ர,த்,தி,லே
7,க,ட்,ட,ப்,ப,ட்,டு
5,நி,ற்,கி,றா,ன்
4,எ,ன்,றா,ர்
2,இ,னி
7,கூ,ப்,பி,டு,ங்,க,ள்
7,த,ட்,ச,னை,எ,ங்,கே
4,போ,கி,றா,ன்
3,எ,ன்,று
12,பா,ர்,ப்,போ,ம்,கூ,ப்,பி,டு,ங்,க,ள்
2,எ,ன
8,எ,க்,க,ளி,ப்,பு,ட,ன்
5,கூ,வி,ய,ப,டி
6,ஜ,ன,மே,ஜ,ய,ன்
8,வே,ள்,வி,ச்,சா,லை,யி,ன்
3,ந,டு,வே
7,நி,மி,த்,தி,க,னி,ன்
5,பீ,ட,த்,தி,ல்
3,வ,ந்,து
4,நி,ன்,றா,ர்
3,ம,ண்,ணை
4,வி,ல,க்,கி
6,மு,ளை,த்,தெ,ழு,ம்
8,வா,ழை,க்,க,ன்,று,போ,ல
2,த,லை
3,நீ,ட்,டி
4,த,ட்,ச,ன்
5,மே,லெ,ழு,ந்,து
4,வ,ந்,தா,ன்
7,க,ரு,ம்,ப,னை,யி,ன்
2,த,டி
3,போ,ன்,ற
3,உ,ட,லை
4,மெ,து,வா,க
4,நெ,ளி,த்,து
8,வே,ள்,வி,ச்,சா,லை,யி,ல்
5,த,வ,ழ்,ந்,து
5,வே,ள்,வி,த்,தீ
4,நோ,க்,கி,ச்
4,செ,ன்,றா,ன்
10,அ,வ,னு,க்,கு,ப்,பி,ன்,னா,ல்
7,அ,வ,னை,ப்,போ,ன்,றே
4,தெ,ரி,ந்,த
6,த,ட்,ச,கி,யு,ம்
4,எ,ழு,ந்,து
4,வ,ந்,தா,ள்
7,வே,ள்,வி,க்,கூ,ட,மே
7,ம,ர,ண,மு,னை,யி,ல்
9,ப,து,ங்,கி,யி,ரு,க்,கு,ம்
6,வ,ன,மி,ரு,க,ம்
2,போ,ல
4,வி,ரை,த்,து
8,அ,ம,ர்,ந்,தி,ரு,க்,க
5,ந,டு,ங்,கு,ம்
7,க,ர,ங்,க,ளு,ட,ன்
6,அ,வி,ய,ளி,த்,து
7,ரி,த்,வி,க்,கு,க,ள்
9,வே,த,க்,கு,ர,லெ,ழு,ப்,ப
5,பா,ம்,பு,க,ள்
3,ஒ,ன்,றை
3,ஒ,ன்,று
3,த,ழு,வி
6,மு,று,கி,ய,ப,டி
3,மெ,ல்,ல
8,மு,ன்,ன,க,ர்,ந்,த,ன
4,அ,ப்,போ,து
5,ஆ,ஸ்,தி,க,ன்
4,எ,ழு,ந்,து
1,கை
3,நீ,ட்,டி
6,நி,ல்,லு,ங்,க,ள்
6,நி,ல்,லு,ங்,க,ள்
6,வை,தி,க,ர்,க,ளே
3,எ,ன்,று
8,கு,ர,லெ,ழு,ப்,பி,னா,ன்
7,வே,ள்,வி,க்,கூ,ட,மே
3,அ,வ,னை
10,நோ,க்,கி,த்,தி,ரு,ம்,பி,ய,து
6,ஜ,ன,மே,ஜ,ய,ன்
6,தி,கை,ப்,பு,ட,ன்
4,தி,ரு,ம்,பி
2,யா,ர்
4,நீ,ங்,க,ள்
3,எ,ன்,ன
4,வே,ண்,டு,ம்
4,எ,ன்,றா,ர்
2,எ,ன்
3,பெ,ய,ர்
7,ஆ,ஸ்,தி,க,ன்,நா,ன்
5,ஜ,ர,த்,கா,ரு
4,ரி,ஷி,யி,ன்
7,ம,க,ன்,நை,ஷ்,டி,க
10,பி,ர,ம்,ம,சா,ரி,எ,ன,க்,கு
4,இ,ன்,னு,ம்
8,வே,ள்,வி,க்,கா,ணி,க்,கை
8,த,ர,ப்,ப,ட,வி,ல்,லை
2,எ,ன்
4,அ,னு,ம,தி
5,இ,ல்,லா,ம,ல்
3,இ,ந்,த
4,வே,ள்,வி,யை
4,நீ,ங்,க,ள்
8,மு,டி,க்,க,மு,டி,யா,து
3,எ,ன்,று
5,ஆ,ஸ்,தி,க,ன்
4,சொ,ன்,னா,ன்
6,ஜ,ன,மே,ஜ,ய,ன்
7,அ,க்,க,ண,த்,தி,ல்
8,வே,ள்,வி,ச்,சா,லை,யை,க்
4,க,ட்,டி,ய
3,சி,ற்,பி
6,வி,ஸ்,வ,சே,ன,ன்
9,நி,மி,த்,த,ம்,பா,ர்,த்,து
8,அ,ந்,த,வே,ள்,வி,க்,கு
2,ஒ,ரு
6,பி,ரா,ம,ண,னா,ல்
8,த,டை,வ,ர,க்,கூ,டு,ம்
3,எ,ன்,று
3,சொ,ன்,ன
7,சொ,ற்,க,ளை,த்,தா,ன்
8,நி,னை,வு,கூ,ர்,ந்,தா,ர்
3,எ,ன்,ன
4,கா,ணி,க்,கை
4,வே,ண்,டு,ம்
6,எ,து,வா,னா,லு,ம்
2,இ,தோ
4,இ,ப்,போ,தே
10,பெ,ற்,று,க்,கொ,ள்,ளு,ங்,க,ள்
3,எ,ன்,று
8,ப,த,ற்,ற,த்,து,ட,ன்
4,சொ,ன்,னா,ர்
5,ஆ,ஸ்,தி,க,ன்
4,த,ட்,ச,ன்
3,உ,யி,ரை
4,எ,ன,க்,கு
7,த,ட்,சி,ணை,யா,க,க்
5,கொ,டு,ங்,க,ள்
3,எ,ன்,று
4,கே,ட்,டா,ன்
5,அ,தி,ர்,ந்,து
5,க,ல,ங்,கி,ய
6,ஜ,ன,மே,ஜ,ய,ன்
3,எ,ன்,ன
7,கே,ட்,கி,றீ,ர்,க,ள்
8,உ,த்,த,ம,ரே,இ,ந்,த
5,தே,ச,த்,தை,க்
5,கே,ளு,ங்,க,ள்
2,எ,ன்
4,உ,யி,ரை,க்
5,கே,ளு,ங்,க,ள்
2,எ,ன்
5,மூ,தா,தை,ய,ர்
7,எ,ன,க்,க,ளி,த்,த
6,ந,ல்,லூ,ழ்,க,ள்
6,அ,னை,த்,தை,யு,ம்
5,கே,ளு,ங்,க,ள்
2,இ,தை
4,ம,ட்,டு,ம்
7,கே,ட்,கா,தீ,ர்,க,ள்
2,இ,து
2,எ,ன்
6,வா,ழ்,க்,கை,யி,ன்
4,இ,ல,க்,கு
2,நா,ன்
7,அ,டை,ய,ப்,போ,கு,ம்
3,மு,ழு,மை
2,இ,தை
4,ம,ட்,டு,ம்
7,கே,ட்,கா,தீ,ர்,க,ள்
3,எ,ன்,று
5,கெ,ஞ்,சி,னா,ர்
3,ஆ,னா,ல்
5,ஆ,ஸ்,தி,க,ன்
5,மா,ம,ன்,ன,ரே
3,நா,நூ,று
3,கா,த,ம்
4,ந,ட,ந்,து
2,நா,ன்
4,வ,ந்,த,தே
8,இ,த,ற்,கா,க,த்,தா,ன்
5,இ,து,வ,ன்,றி
4,வே,றெ,ந்,த
6,கா,ணி,க்,கை,யு,ம்
10,எ,ன,க்,கு,த்,தே,வை,யி,ல்,லை
4,எ,ன்,றா,ன்
4,எ,ன,க்,கு
4,கா,ணி,க்,கை
11,கி,டை,க்,க,வி,ல்,லை,யெ,ன்,றா,ல்
5,த,ர்,ப்,பை,யை
3,கை,யி,ல்
5,வை,த்,த,ப,டி
3,இ,ந்,த
3,வே,ள்,வி
9,மு,டி,வ,டை,ய,க்,கூ,டா,து
3,எ,ன்,று
14,அ,வ,ச்,சொ,ல்,லி,டு,வே,ன்,ரி,ஷி,யா,கி,ய
2,நா,ன்
5,சொ,ல்,லா,ம,ல்
3,இ,ந்,த
4,வே,ள்,வி,யை
8,மு,டி,க்,க,மு,டி,யா,து
9,க,டு,ம்,சி,ன,த்,து,ட,ன்
2,யா,ர்
4,நீ,ங்,க,ள்
5,எ,த,ற்,கா,க
10,இ,தை,ச்,செ,ய்,கி,றீ,ர்,க,ள்
3,எ,ன்,று
6,ஜ,ன,மே,ஜ,ய,ன்
4,கே,ட்,டா,ர்
5,ஆ,ஸ்,தி,க,ன்
2,நா,ன்
6,வே,ச,ர,த்,தி,ன்
6,நா,க,ர்,கு,ல,த்
5,த,லை,வி,யா,ன
7,மா,ன,சா,தே,வி,யி,ன்
4,மை,ந்,த,ன்
4,த,ட்,ச,ன்
2,எ,ன்
5,கு,ல,மூ,தா,தை
4,எ,ன்,றா,ன்
6,ஜ,ன,மே,ஜ,ய,ன்
4,நீ,ங்,க,ள்
4,செ,ய்,த,து
10,ந,ம்,பி,க்,கை,த்,து,ரோ,க,ம்
4,உ,ங்,க,ளை
5,பி,ரா,ம,ண,ன்
3,எ,ன்,று
6,சொ,ன்,னீ,ர்,க,ள்
4,எ,ன்,றா,ர்
5,மா,ம,ன்,ன,ரே
9,நெ,றி,நூ,ல்,க,ளி,ன்,ப,டி
5,ம,ண்,ணா,ளு,ம்
3,கு,ல,மே
4,தா,ய்,வ,ழி
4,வ,ரு,வ,து
9,வே,த,வி,தி,க,ளு,க்,கா,ன
3,கு,ல,ம்
5,த,ந்,தை,யி,ன்
4,வ,ழி,யா,க
4,வ,ரு,வ,தே
2,நா,ன்
2,வே,த
5,அ,தி,கா,ர,ம்
3,கொ,ண்,ட
8,பி,ரா,ம,ண,ரி,ஷி,யி,ன்
4,மை,ந்,த,ன்
4,எ,ன்,றா,ன்
4,ம,ன்,ன,ன்
7,வை,ச,ம்,பா,ய,ன,ரை
3,நோ,க்,க
2,ஆ,ம்
3,அ,வ,ர்
4,சொ,ல்,வ,து
4,ச,ரி,தா,ன்
4,எ,ன்,றா,ர்
3,அ,வ,ர்
3,கு,ரு,தி
3,தீ,யா,க
2,மா,றி
4,எ,ரி,யு,ம்
5,உ,ட,லு,ட,ன்
3,நி,ன்,ற
6,ஜ,ன,மே,ஜ,ய,ன்
3,பி,ன்,பு
7,தோ,ள்,த,ள,ர்,ந்,து
4,க,ண்,ணீ,ர்
6,வ,டி,த்,த,ப,டி
4,தி,ரு,ம்,பி
2,த,ன்
8,சே,வ,க,ர்,க,ளி,ட,ம்
4,தா,ரை,நீ,ர்
10,கொ,ண்,டு,வ,ர,ச்,சொ,ன்,னா,ர்
6,த,ர்,ப்,பை,யு,ம்
4,நீ,ரு,மா,க
3,நி,ன்,று
6,நீ,ர்,வா,ர்,த்,து
5,த,ட்,ச,னி,ன்
3,உ,யி,ரை
7,கா,ணி,க்,கை,யா,க,க்
5,கொ,டு,த்,தா,ர்
10,அ,தை,ப்,பெ,ற்,று,க்,கொ,ண்,டு
7,உ,ங்,க,ளு,க்,கு,ம்
4,உ,ங்,க,ள்
6,ம,ண்,ணு,க்,கு,ம்
4,அ,னை,த்,து
6,ந,ல,ன்,க,ளு,ம்
7,உ,ரு,வா,க,ட்,டு,ம்
3,எ,ன்,று
5,ஆ,ஸ்,தி,க,ன்
6,வா,ழ்,த்,தி,னா,ன்
6,ஜ,ன,மே,ஜ,ய,ன்
2,கை,யை
3,உ,த,றி
3,நீ,ரை,த்
6,தெ,றி,த்,த,பி,ன்
5,வெ,று,ப்,பி,ல்
4,வி,ரி,ந்,த
4,ப,ற்,க,ள்
5,வெ,ளு,த்,து,த்
3,தெ,ரி,ய
6,மு,னி,கு,மா,ர,ரே
4,நீ,ங்,க,ள்
4,இ,ப்,போ,து
4,செ,ய்,த,து
4,மா,பெ,ரு,ம்
6,து,ரோ,க,ம்,இ,னி
4,நீ,ங்,க,ள்
3,இ,ந்,த
4,ம,ண்,ணி,ல்
8,இ,ரு,க்,க,க்,கூ,டா,து
7,கி,ள,ம்,பு,ங்,க,ள்
4,எ,ன்,றா,ர்
3,பி,ன்,பு
5,க,ண்,க,ளி,ல்
6,வெ,று,ப்,பு,ட,ன்
5,ஆ,ஸ்,தி,க,ரே
10,வே,ள்,வி,க்,கா,வ,ல,னா,கி,ய
2,நா,ன்
7,இ,வ்,வே,ள்,வி,யி,லே
6,ப,ங்,கு,பெ,ற்,ற
4,மு,னி,வ,ரை
4,வா,ழ்,த்,தி
6,ந,ன்,றி,சொ,ல்,லி
7,அ,வ,ர்,க,ளு,க்,கு
4,ம,ல,ரு,ம்
4,பொ,ன்,னு,ம்
4,அ,ளி,த்,து
14,வி,டை,கொ,டு,க்,க,வே,ண்,டு,ம்,அ,து,தா,ன்
3,ம,ர,பு
8,இ,ல்,லை,யா,எ,ன்,றா,ர்
5,ஆ,ஸ்,தி,க,ன்
3,அ,வ,ர்
7,சொ,ல்,ல,ப்,போ,வ,தை
4,ஊ,கி,த்,து
7,நி,ன்,று,வி,ட்,டா,ன்
6,ஜ,ன,மே,ஜ,ய,ன்
2,அ,தை
2,நா,ன்
13,செ,ய்,ய,மா,ட்,டே,ன்,உ,ங்,க,ளு,க்,கு
4,ம,ரி,யா,தை
4,கொ,டு,த்,து
4,அ,னு,ப்,ப
4,மா,ட்,டே,ன்
4,எ,ன்,றா,ர்
7,வை,ச,ம்,பா,ய,ன,ர்
3,அ,ர,சே
2,ஒ,ரு
4,மு,னி,வ,ரை
6,அ,வ,ம,தி,க்,க
6,உ,ங்,க,ளு,க்,கு
3,உ,ரி,மை
5,இ,ல்,லை,அ,து
3,த,வ,று
4,எ,ன்,றா,ர்
5,உ,த்,த,ங்,க
4,மு,னி,வ,ர்
3,அ,வ,ர்
4,நை,ஷ்,டி,க
9,பி,ர,ம்,ம,சா,ரி,அ,வ,ர்
6,சா,ப,மி,ட்,டா,ல்
4,எ,து,வு,ம்
5,ந,ட,க்,கு,ம்
4,எ,ன்,றா,ர்
6,ஜ,ன,மே,ஜ,ய,ன்
2,வெ,றி
4,மி,கு,ந்,த
4,கு,ர,லி,ல்
3,எ,ன்,ன
3,சா,ப,ம்
7,வே,ண்,டு,மா,னா,லு,ம்
5,போ,ட,ட்,டு,ம்
2,இ,னி
4,எ,ன,க்,கு
4,எ,து,வு,ம்
6,மி,ச்,ச,மி,ல்,லை
8,அ,ஸ்,தி,ன,பு,ரி,யி,ன்
4,ம,ன்,ன,ன்
2,ஒ,ரு
4,மு,னி,வ,ரை
7,அ,வ,ம,தி,த்,தா,ன்
3,எ,ன்,று
4,வ,ர,லா,று
9,சொ,ல்,ல,ட்,டு,ம்,இ,ந்,த
4,இ,ளை,ஞ,ர்
3,செ,ய்,த
4,து,ரோ,க,ம்
2,எ,ன்
11,கு,ல,க்,க,வி,ஞ,ர்,க,ளா,லு,ம்
8,மு,னி,வ,ர்,க,ளா,லு,ம்
6,எ,ன்,றெ,ன்,று,ம்
11,நி,னை,வு,கூ,ர,ப்,ப,ட,ட்,டு,ம்
4,எ,ன்,றா,ர்
5,ஆ,ஸ்,தி,க,ன்
5,அ,மை,தி,யா,ன
4,கு,ர,லி,ல்
5,ஜ,ன,மே,ஜ,ய
4,ம,ன்,ன,ரே
2,நா,ன்
5,செ,ய்,த,த,ன்
3,பொ,ரு,ள்
4,இ,ப்,போ,து
7,உ,ங்,க,ளு,க்,கு,ப்
4,பு,ரி,யா,து
4,ஒ,ரு,நா,ள்
4,உ,ங்,க,ள்
6,த,லை,மு,றை,க,ள்
2,இ,தை
10,பு,ரி,ந்,து,கொ,ள்,வா,ர்,க,ள்
2,நா,ன்
7,உ,ங்,க,ளு,க்,கா,க
4,உ,ங்,க,ள்
7,ம,க்,க,ளு,க்,கா,க
3,இ,ந்,த
6,உ,ல,க,த்,தி,ன்
7,ந,ன்,மை,க்,கா,க,வே
3,இ,தை,ச்
4,செ,ய்,தே,ன்
2,இ,து
2,எ,ன்
5,த,ன்,ன,ற,ம்
4,எ,ன்,றா,ன்
5,த,ர்,ம,த்,தை
3,மீ,றி,ய
4,நீ,ங்,க,ள்
3,அ,ற,ம்
6,பே,ச,க்,கூ,டா,து
3,எ,ன்,று
6,ஜ,ன,மே,ஜ,ய,ன்
4,கூ,வி,னா,ர்
5,ஆ,ஸ்,தி,க,ன்
8,அ,ற,த்,தை,ப்,ப,ற்,றி
6,உ,ங்,க,ளு,க்,கு
3,எ,ன்,ன
4,தெ,ரி,யு,ம்
3,அ,ர,சே
3,எ,ன்,று
4,பு,ன்,ன,கை
4,செ,ய்,தா,ன்
3,அ,ற,ம்
3,எ,ன்,ற
3,சொ,ல்,லை
4,அ,றி,யா,த
6,எ,வ,ரு,மி,ல்,லை
6,அ,ற,மெ,ன்,றா,ல்
5,எ,து,வெ,ன்,று
9,மு,ழு,த,றி,ந்,த,வ,ரு,ம்
3,இ,ல்,லை
4,அ,ற,த்,தை
11,மு,ற்,றி,லு,ம,றி,வ,த,ற்,கா,க
4,ஒ,ரு,வ,ர்
2,ஏ,ழு
9,த,லை,மு,றை,க்,கா,ல,மா,க
15,த,வ,மி,ய,ற்,றி,க்,கொ,ண்,டி,ரு,க்,கி,றா,ர்
4,உ,ங்,க,ள்
8,மு,து,பெ,ரு,ம்,த,ந்,தை
4,வி,யா,ச,ன்
3,அ,வ,ர்
3,இ,ங்,கே
7,வ,ர,ட்,டு,ம்,நா,ன்
4,செ,ய்,த,து
2,பி,ழை
2,எ,ன
3,அ,வ,ர்
6,சொ,ல்,ல,ட்,டு,ம்
6,ஜ,ன,மே,ஜ,ய,ன்
6,அ,ப்,போ,து,தா,ன்
3,அ,வ,ரை
8,நி,னை,வு,கூ,ர்,ந்,தா,ர்
3,அ,வ,ர்
3,இ,ங்,கு
3,வ,ரு,ம்
4,நி,லை,யி,ல்
3,இ,ல்,லை
4,எ,ன்,றா,ர்
8,அ,ப்,ப,டி,யெ,ன்,றா,ல்
4,எ,ன,க்,கு
4,கா,ணி,க்,கை
4,அ,ளி,த்,து
7,வி,டை,கொ,டு,ங்,க,ள்
4,எ,ன்,றா,ன்
5,ஆ,ஸ்,தி,க,ன்
5,ஒ,ரு,போ,து,ம்
6,இ,ல்,லை,சூ,தி,ல்
3,வெ,ன்,ற
4,உ,ங்,க,ளை
2,எ,ன்
4,கு,ரு,வா,க
2,நா,ன்
7,எ,ண்,ண,மு,டி,யா,து
6,த,ர்,ம,ப,த,ம்
3,எ,ன்,னை
8,அ,ங்,கீ,க,ரி,க்,கா,து
3,எ,ன்,று
6,ஜ,ன,மே,ஜ,ய,ன்
4,கூ,வி,னா,ர்
8,அ,ப்,ப,டி,யெ,ன்,றா,ல்
8,கொ,ண்,டு,வா,ரு,ங்,க,ள்
4,வி,யா,ச,ரை
2,நா,ன்
4,செ,ய்,த,து
3,அ,ற,மா
3,பி,ழை,யா
2,எ,ன
4,வி,யா,ச,ர்
6,சொ,ல்,ல,ட்,டு,ம்
4,அ,து,வ,ரை
2,நா,ன்
6,இ,ங்,கி,ரு,ந்,து
9,அ,சை,ய,ப்,போ,வ,தி,ல்,லை
3,எ,ன்,று
5,ஆ,ஸ்,தி,க,ன்
4,சொ,ன்,னா,ன்
5,அ,வ,னு,டை,ய
4,அ,ழ,கி,ய
7,சி,று,ச்,செ,ந்,நி,ற
2,வா,ய்
5,மு,லை,க்,க,ண்
3,உ,ரு,வி
8,எ,டு,க்,க,ப்,ப,ட்,ட
8,கை,க்,கு,ழ,ந்,தை,யி,ன்
8,இ,த,ழ்,க்,கு,வை,போ,ல்
5,இ,ரு,ந்,த,து
